Id,Label,State
0,p27,Recovered
1,p15,Recovered
2,p60,Recovered
3,p41,Recovered
4,p52,Recovered
5,p105,Recovered
6,p25,Recovered
7,p66,Recovered
8,p128,Failed
9,p42,Recovered
10,p10,Recovered
11,p83,Recovered
12,p35,Recovered
13,p1,Recovered
14,p117,Failed
15,p112,Failed
16,p126,Failed
17,p124,Failed
18,p77,Recovered
19,p102,Recovered
20,p57,Recovered
21,p30,Recovered
22,p43,Recovered
23,p17,Recovered
24,p37,Recovered
25,p14,Recovered
26,p62,Recovered
27,p86,Recovered
28,p45,Recovered
29,p114,Failed
30,p68,Recovered
31,p75,Recovered
32,p89,Recovered
33,p58,Recovered
34,p96,Recovered
35,p109,Recovered
36,p72,Recovered
37,p76,Recovered
38,p5,Recovered
39,p7,Recovered
40,p44,Recovered
41,p49,Recovered
42,p47,Recovered
43,p101,Recovered
44,p87,Recovered
45,p51,Recovered
46,p107,Recovered
47,p59,Recovered
48,p36,Recovered
49,p127,Failed
50,p111,Recovered
51,p18,Recovered
52,p21,Recovered
53,p61,Recovered
54,p11,Recovered
55,p93,Recovered
56,p99,Recovered
57,p94,Recovered
58,p22,Recovered
59,p29,Recovered
60,p85,Recovered
61,p125,Failed
62,p98,Recovered
63,p129,Failed
64,p82,Recovered
65,p74,Recovered
66,p95,Recovered
67,p26,Recovered
68,p33,Recovered
69,p104,Recovered
70,p34,Recovered
71,p23,Recovered
72,p73,Recovered
73,p122,Failed
74,p116,Failed
75,p9,Recovered
76,p54,Recovered
77,p71,Recovered
78,p79,Recovered
79,p120,Failed
80,p108,Recovered
81,p113,Recovered
82,p118,Recovered
83,p13,Recovered
84,p48,Recovered
85,p0,Recovered
86,p40,Recovered
87,p6,Recovered
88,p31,Recovered
89,p119,Failed
90,p50,Recovered
91,p20,Recovered
92,p32,Recovered
93,p106,Recovered
94,p88,Recovered
95,p80,Recovered
96,p39,Recovered
97,p91,Recovered
98,p8,Recovered
99,p67,Recovered
100,p64,Recovered
101,p65,Recovered
102,p53,Recovered
103,p123,Failed
104,p70,Recovered
105,p12,Recovered
106,p3,Recovered
107,p16,Recovered
108,p90,Recovered
109,p19,Recovered
110,p100,Recovered
111,p121,Failed
112,p84,Recovered
113,p46,Recovered
114,p63,Recovered
115,p78,Recovered
116,p24,Recovered
117,p2,Recovered
118,p28,Recovered
119,p38,Recovered
120,p69,Recovered
121,p97,Recovered
122,p92,Recovered
123,p81,Recovered
124,p55,Recovered
125,p110,Recovered
126,p56,Recovered
127,p103,Recovered
128,p4,Recovered
129,p115,Failed
